Firstname,Surname,Phonenumber,Address,Postcode,City,Titel
Jonas,Johansson,0707121014,Industrivägen 4,112 34,Stockholm,Konsult
Andréa,Vallberg,0707121079,Centralgatan 4,852 32,Sundsvall,Konsult
Therese,From,0707121095,Centralgatan 4,852 32,Sundsvall,Säljare
Malin,Joelsson,0707121027,Industrivägen 4,112 34,Stockholm,Säljare
Sid,Knutsson,0707121016,Industrivägen 4,112 34,Stockholm,Konsult
Filip,Lundgren,0707121015,Industrivägen 4,112 34,Stockholm,Konsult
Janna,Dahlberg,0707121061,Industrivägen 4,112 34,Stockholm,Konsult
Tom,Gilmartin,0707121024,Industrivägen 4,112 34,Stockholm,Säljare
Daniel,Gomez,0707121006,Industrivägen 4,112 34,Stockholm,Konsult
Joakim,Kuurne,0707121049,Industrivägen 4,112 34,Stockholm,Konsult
Johnny,Larsson,0707121001,Industrivägen 4,112 34,Stockholm,Konsult
Ramy,Matti,0707121008,Industrivägen 4,112 34,Stockholm,Konsult
Alexander,Hjerpe,0707121076,Centralgatan 4,852 32,Sundsvall,Konsult
Christoffer,Ritter,0707121074,Centralgatan 4,852 32,Sundsvall,Konsult
Connor,Cisternas,0707121037,Industrivägen 4,112 34,Stockholm,Konsult
André,Gaulitz,0707121011,Industrivägen 4,112 34,Stockholm,Konsult
Morgan,Hammarborg,0707121050,Industrivägen 4,112 34,Stockholm,Konsult
Christoffer,Skilving,0707121067,Centralgatan 4,852 32,Sundsvall,Konsult
Marcus,Lindell,0707121030,Industrivägen 4,112 34,Stockholm,Säljare
Sebastian,Lindén,0707121017,Industrivägen 4,112 34,Stockholm,Ledning
Gilbert,Dikmen,0707121022,Industrivägen 4,112 34,Stockholm,Säljare
Piotr,Kubacki,0707121081,Centralgatan 4,852 32,Sundsvall,Konsult
Karl,Ingves,0707121009,Industrivägen 4,112 34,Stockholm,Ledning
Andreas,Odenfelt,0707121010,Industrivägen 4,112 34,Stockholm,Konsult
Martin,Jönsson,0707121023,Industrivägen 4,112 34,Stockholm,Säljare
Ludvig,Lindholm,0707121072,Centralgatan 4,852 32,Sundsvall,Konsult
Liam,Jobark,0707121058,Industrivägen 4,112 34,Stockholm,Konsult
Henry,Rinne,0707121028,Industrivägen 4,112 34,Stockholm,Säljare
Raman,Hersan,0707121070,Centralgatan 4,852 32,Sundsvall,Konsult
Philip,Kojhassarly,0707121063,Centralgatan 4,852 32,Sundsvall,Konsult
Viktor,Espinoza,0707121029,Industrivägen 4,112 34,Stockholm,Säljare
William,Palmgren,0707121057,Industrivägen 4,112 34,Stockholm,Konsult
Samuel,Avery,0707121032,Industrivägen 4,112 34,Stockholm,Konsult
Malek,Saliba,0707121075,Centralgatan 4,852 32,Sundsvall,Konsult
Martin,Sääf,0707121041,Industrivägen 4,112 34,Stockholm,Konsult
Shervan,Brifkany,0707121042,Industrivägen 4,112 34,Stockholm,Konsult
Grigorios,Kyriakoudis,0707121003,Industrivägen 4,112 34,Stockholm,Konsult
Amar,Rashid,0707121097,Centralgatan 4,852 32,Sundsvall,Säljare
André,Rodriguez,0707121020,Industrivägen 4,112 34,Stockholm,Konsult
Daniel,Köhler Palm,0707121080,Centralgatan 4,852 32,Sundsvall,Konsult
Emil,Sivonen,0707121005,Industrivägen 4,112 34,Stockholm,Konsult
Fredric,Otternäs,0707121043,Industrivägen 4,112 34,Stockholm,Konsult
Jojje,Maniatis,0707121046,Industrivägen 4,112 34,Stockholm,Konsult
Lei,Zhang,0707121026,Industrivägen 4,112 34,Stockholm,Säljare
Linus,Palmgren,0707121100,Centralgatan 4,852 32,Sundsvall,Säljare
Ludvig,Garnås,0707121007,Industrivägen 4,112 34,Stockholm,Konsult
Marcus,Jonasson Brun,0707121087,Centralgatan 4,852 32,Sundsvall,Konsult
Nils,Rastborg,0707121018,Industrivägen 4,112 34,Stockholm,Konsult
Sebastian,Rojo,0707121062,Industrivägen 4,112 34,Stockholm,Konsult
Simon,Alexandersson,0707121040,Industrivägen 4,112 34,Stockholm,Konsult
Tony,Ly,0707121036,Industrivägen 4,112 34,Stockholm,Konsult
Victor,Thorén,0707121004,Industrivägen 4,112 34,Stockholm,Konsult
Abdi,Ibrahim,0707121059,Industrivägen 4,112 34,Stockholm,Konsult
Dani,Hanna,0707121099,Centralgatan 4,852 32,Sundsvall,Säljare
Hassan,Abbas,0707121019,Industrivägen 4,112 34,Stockholm,Ledning
Jack,Gleeson,0707121038,Industrivägen 4,112 34,Stockholm,Konsult
Rikard,Sandström,0707121078,Centralgatan 4,852 32,Sundsvall,Konsult
Mohammad,Abdulrahman,0707121068,Centralgatan 4,852 32,Sundsvall,Konsult
Mohammad,Ahmed,0707121064,Centralgatan 4,852 32,Sundsvall,Konsult
Salah,Ahmmed,0707121096,Centralgatan 4,852 32,Sundsvall,Säljare
Farhan,Ali,0707121055,Industrivägen 4,112 34,Stockholm,Konsult
Khosto,Aljarkas,0707121056,Industrivägen 4,112 34,Stockholm,Konsult
Salim Ahmad,Amiry,0707121033,Industrivägen 4,112 34,Stockholm,Konsult
Gabriel,Ampuero,0707121035,Industrivägen 4,112 34,Stockholm,Konsult
Daniel,Dascola,0707121013,Industrivägen 4,112 34,Stockholm,Konsult
Adriana,Del Socorro De la Cruz Zambrano,0707121047,Industrivägen 4,112 34,Stockholm,Konsult
Victor,Edvardsson,0707121092,Centralgatan 4,852 32,Sundsvall,Säljare
Simon,Ejdre,0707121051,Industrivägen 4,112 34,Stockholm,Konsult
Christoffer,Fransson,0707121065,Centralgatan 4,852 32,Sundsvall,Konsult
Sebastian,Frödin,0707121053,Industrivägen 4,112 34,Stockholm,Konsult
Saeed,Golestani,0707121077,Centralgatan 4,852 32,Sundsvall,Konsult
Michael,Levin,0707121082,Centralgatan 4,852 32,Sundsvall,Konsult
Daniel,Marinow,0707121090,Centralgatan 4,852 32,Sundsvall,Ekonom
Noa,Myrdal,0707121093,Centralgatan 4,852 32,Sundsvall,Säljare
Richard,Myrtin,0707121094,Centralgatan 4,852 32,Sundsvall,Säljare
Philip,Sabri,0707121054,Industrivägen 4,112 34,Stockholm,Konsult
Martin,Sannel,0707121021,Industrivägen 4,112 34,Stockholm,Ledning
Filip,Sjöberg,0707121034,Industrivägen 4,112 34,Stockholm,Konsult
Dennis,Skuthälla,0707121066,Centralgatan 4,852 32,Sundsvall,Konsult
Aleksander,Stavrakov,0707121073,Centralgatan 4,852 32,Sundsvall,Konsult
Peter,Söderström,0707121031,Industrivägen 4,112 34,Stockholm,Säljare
Rasmus,Thaning,0707121039,Industrivägen 4,112 34,Stockholm,Konsult
Abdul,Wuisman,0707121045,Industrivägen 4,112 34,Stockholm,Konsult
Kassa,Yehoalashet,0707121084,Centralgatan 4,852 32,Sundsvall,Konsult
Akif Mehmet,Ünver,0707121098,Centralgatan 4,852 32,Sundsvall,Säljare
Amin,Jirari,0707121085,Centralgatan 4,852 32,Sundsvall,Konsult
Bére Mohammed,Tandia,0707121002,Industrivägen 4,112 34,Stockholm,Konsult
Christoffer,Silverson,0707121012,Industrivägen 4,112 34,Stockholm,IT
Danny,Haque,0707121091,Centralgatan 4,852 32,Sundsvall,Säljare
Emre,Celik,0707121083,Centralgatan 4,852 32,Sundsvall,Konsult
Fadi,Jalka,0707121025,Industrivägen 4,112 34,Stockholm,Säljare
Faraz Muhammad,Khan,0707121048,Industrivägen 4,112 34,Stockholm,Konsult
Filip,Remahl,0707121060,Industrivägen 4,112 34,Stockholm,Konsult
Gustav,Löwenhoff,0707121044,Industrivägen 4,112 34,Stockholm,Konsult
Max,Eklund Hedén,0707121088,Centralgatan 4,852 32,Sundsvall,IT
Mohammad,Zohouri,0707121086,Centralgatan 4,852 32,Sundsvall,Konsult
Samira,Moazzamian,0707121052,Industrivägen 4,112 34,Stockholm,Konsult
Sebastian,Borén,0707121089,Centralgatan 4,852 32,Sundsvall,Ekonom
